{
    "total_count": 4,
    "succ_count": 3,
    "err_count": 1,
    "avg_result_score": 3.1044751760661193,
    "avg_faithfulness": 0.7888888888888889,
    "avg_cr_q": 0.2111111111111111,
    "avg_cr_gt": 0.7638888888888888,
    "avg_ar": 0.3840296268463135,
    "avg_ac": 0.6755669698620114,
    "avg_ai": 0.2809896904689053
}